Hora, Eólica, Nuclear, Fuel/gas, Carbón, Ciclo combinado, Hidráulica, Intercambios int, Enlace balear, Solar fotovoltaica, Solar térmica, Térmica renovable, Cogeneración y residuos
2024-04-12 21:00 ,2.839 ,4.301 ,0 ,252 ,4.412 ,10.603 ,4.044 ,-267 ,35 ,754 ,459 ,1.352 ,
2024-04-12 21:05 ,2.940 ,4.307 ,0 ,248 ,4.481 ,10.767 ,3.925 ,-267 ,27 ,729 ,462 ,1.357 ,
2024-04-12 21:10 ,2.994 ,4.305 ,0 ,248 ,4.329 ,10.817 ,4.206 ,-268 ,25 ,699 ,462 ,1.342 ,
2024-04-12 21:15 ,3.015 ,4.305 ,0 ,248 ,4.285 ,10.875 ,4.283 ,-267 ,25 ,694 ,462 ,1.348 ,
2024-04-12 21:20 ,3.049 ,4.303 ,0 ,248 ,4.382 ,10.951 ,4.042 ,-267 ,25 ,668 ,462 ,1.347 ,
2024-04-12 21:25 ,3.092 ,4.300 ,0 ,248 ,4.259 ,10.946 ,4.191 ,-268 ,24 ,663 ,462 ,1.356 ,
2024-04-12 21:30 ,3.105 ,4.307 ,0 ,248 ,4.147 ,10.906 ,4.306 ,-267 ,24 ,662 ,462 ,1.352 ,
2024-04-12 21:35 ,3.120 ,4.304 ,0 ,248 ,4.152 ,10.784 ,4.105 ,-267 ,23 ,653 ,462 ,1.357 ,
2024-04-12 21:40 ,3.124 ,4.305 ,0 ,248 ,4.099 ,10.586 ,4.218 ,-268 ,24 ,648 ,462 ,1.344 ,
2024-04-12 21:45 ,3.094 ,4.305 ,0 ,248 ,4.117 ,10.578 ,4.161 ,-268 ,23 ,647 ,462 ,1.356 ,
2024-04-12 21:50 ,3.087 ,4.307 ,0 ,248 ,4.045 ,10.472 ,4.186 ,-267 ,23 ,642 ,462 ,1.352 ,
2024-04-12 21:55 ,3.113 ,4.307 ,0 ,249 ,3.948 ,10.252 ,4.057 ,-268 ,23 ,636 ,462 ,1.351 ,
2024-04-12 22:00 ,3.118 ,4.304 ,0 ,249 ,3.965 ,10.265 ,3.790 ,-243 ,23 ,635 ,462 ,1.324 ,
2024-04-12 22:05 ,3.122 ,4.300 ,0 ,248 ,4.023 ,10.384 ,3.384 ,-217 ,19 ,632 ,459 ,1.345 ,
2024-04-12 22:10 ,3.131 ,4.306 ,0 ,248 ,4.017 ,10.433 ,3.086 ,-205 ,19 ,630 ,459 ,1.338 ,
2024-04-12 22:15 ,3.140 ,4.304 ,0 ,248 ,4.002 ,10.337 ,2.980 ,-205 ,19 ,629 ,459 ,1.335 ,
2024-04-12 22:20 ,3.146 ,4.304 ,0 ,248 ,3.965 ,10.058 ,2.947 ,-205 ,19 ,628 ,459 ,1.303 ,
2024-04-12 22:25 ,3.142 ,4.309 ,0 ,248 ,3.970 ,9.960 ,2.929 ,-204 ,19 ,628 ,459 ,1.336 ,
2024-04-12 22:30 ,3.158 ,4.304 ,0 ,248 ,3.981 ,9.990 ,2.729 ,-204 ,19 ,627 ,459 ,1.337 ,
2024-04-12 22:35 ,3.115 ,4.308 ,0 ,248 ,3.991 ,9.989 ,2.837 ,-205 ,19 ,628 ,459 ,1.339 ,
2024-04-12 22:40 ,3.096 ,4.305 ,0 ,248 ,3.988 ,9.900 ,2.821 ,-205 ,19 ,624 ,459 ,1.336 ,
2024-04-12 22:45 ,3.001 ,4.309 ,0 ,248 ,3.992 ,9.678 ,2.880 ,-205 ,18 ,621 ,459 ,1.341 ,
2024-04-12 22:50 ,2.919 ,4.307 ,0 ,252 ,3.981 ,9.693 ,2.748 ,-205 ,18 ,621 ,459 ,1.344 ,
2024-04-12 22:55 ,2.910 ,4.305 ,0 ,250 ,3.940 ,9.530 ,2.634 ,-204 ,18 ,620 ,459 ,1.320 ,
2024-04-12 23:00 ,2.917 ,4.309 ,0 ,251 ,3.942 ,9.565 ,2.179 ,-190 ,18 ,605 ,459 ,1.296 ,
2024-04-12 23:05 ,3.023 ,4.305 ,0 ,251 ,4.000 ,9.719 ,1.814 ,-179 ,18 ,620 ,456 ,1.301 ,
2024-04-12 23:10 ,3.030 ,4.307 ,0 ,251 ,3.973 ,9.783 ,1.501 ,-179 ,18 ,623 ,456 ,1.302 ,
2024-04-12 23:15 ,3.031 ,4.308 ,0 ,251 ,3.967 ,9.503 ,1.516 ,-179 ,18 ,624 ,456 ,1.267 ,
2024-04-12 23:20 ,2.995 ,4.306 ,0 ,251 ,3.991 ,9.331 ,1.603 ,-179 ,18 ,623 ,456 ,1.300 ,
2024-04-12 23:25 ,2.957 ,4.308 ,0 ,251 ,3.980 ,9.123 ,1.555 ,-179 ,18 ,623 ,456 ,1.298 ,
2024-04-12 23:30 ,2.951 ,4.307 ,0 ,249 ,3.965 ,8.983 ,1.779 ,-179 ,18 ,623 ,456 ,1.297 ,
2024-04-12 23:35 ,2.722 ,4.308 ,0 ,251 ,3.939 ,9.135 ,1.791 ,-179 ,18 ,620 ,456 ,1.300 ,
2024-04-12 23:40 ,2.741 ,4.310 ,0 ,251 ,3.928 ,9.185 ,1.503 ,-179 ,18 ,620 ,456 ,1.294 ,
2024-04-12 23:45 ,2.677 ,4.307 ,0 ,250 ,3.938 ,9.064 ,1.561 ,-179 ,18 ,619 ,456 ,1.299 ,
2024-04-12 23:50 ,2.622 ,4.304 ,0 ,250 ,3.926 ,9.005 ,1.605 ,-179 ,18 ,617 ,456 ,1.296 ,
2024-04-12 23:55 ,2.606 ,4.307 ,0 ,250 ,3.913 ,8.946 ,1.716 ,-179 ,18 ,615 ,456 ,1.292 ,
2024-04-13 00:00 ,2.599 ,4.304 ,0 ,252 ,3.874 ,8.884 ,1.634 ,-156 ,18 ,612 ,456 ,1.284 ,
2024-04-13 00:05 ,2.763 ,4.308 ,0 ,250 ,3.787 ,9.265 ,1.559 ,-129 ,18 ,610 ,453 ,1.246 ,
2024-04-13 00:10 ,2.802 ,4.306 ,0 ,250 ,3.703 ,9.556 ,1.467 ,-104 ,14 ,598 ,453 ,1.200 ,
2024-04-13 00:15 ,2.794 ,4.304 ,0 ,250 ,3.515 ,9.678 ,1.278 ,-95 ,14 ,611 ,453 ,1.222 ,
2024-04-13 00:20 ,2.831 ,4.310 ,0 ,250 ,3.329 ,9.693 ,1.319 ,-102 ,14 ,611 ,453 ,1.226 ,
2024-04-13 00:25 ,2.818 ,4.306 ,0 ,250 ,3.276 ,9.719 ,1.235 ,-102 ,14 ,611 ,453 ,1.220 ,
2024-04-13 00:30 ,2.807 ,4.307 ,0 ,250 ,3.309 ,9.807 ,949 ,-102 ,14 ,612 ,453 ,1.191 ,
2024-04-13 00:35 ,2.780 ,4.305 ,0 ,250 ,3.238 ,9.760 ,996 ,-102 ,14 ,611 ,453 ,1.226 ,
2024-04-13 00:40 ,2.728 ,4.309 ,0 ,250 ,3.160 ,9.663 ,923 ,-102 ,14 ,612 ,453 ,1.220 ,
2024-04-13 00:45 ,2.700 ,4.309 ,0 ,250 ,3.202 ,9.506 ,1.017 ,-102 ,14 ,613 ,453 ,1.233 ,
2024-04-13 00:50 ,2.652 ,4.307 ,0 ,245 ,3.222 ,9.453 ,1.210 ,-102 ,14 ,611 ,453 ,1.227 ,
2024-04-13 00:55 ,2.621 ,4.307 ,0 ,245 ,3.185 ,9.260 ,1.172 ,-101 ,14 ,613 ,453 ,1.229 ,
2024-04-13 01:00 ,2.610 ,4.306 ,0 ,245 ,3.173 ,9.004 ,1.265 ,-102 ,14 ,603 ,453 ,1.232 ,
2024-04-13 01:05 ,2.613 ,4.307 ,0 ,247 ,3.023 ,8.969 ,1.480 ,-102 ,14 ,615 ,448 ,1.224 ,
2024-04-13 01:10 ,2.595 ,4.305 ,0 ,247 ,3.059 ,8.708 ,1.519 ,-102 ,14 ,614 ,448 ,1.234 ,
2024-04-13 01:15 ,2.593 ,4.308 ,0 ,247 ,3.059 ,8.623 ,1.369 ,-102 ,14 ,608 ,448 ,1.231 ,
2024-04-13 01:20 ,2.588 ,4.310 ,0 ,246 ,3.100 ,8.530 ,1.725 ,-102 ,14 ,604 ,448 ,1.198 ,
2024-04-13 01:25 ,2.560 ,4.305 ,0 ,247 ,3.065 ,8.579 ,1.440 ,-102 ,14 ,603 ,448 ,1.235 ,
2024-04-13 01:30 ,2.552 ,4.303 ,0 ,248 ,3.067 ,8.558 ,1.400 ,-102 ,14 ,600 ,448 ,1.238 ,
2024-04-13 01:35 ,2.532 ,4.304 ,0 ,247 ,3.075 ,8.473 ,1.347 ,-102 ,14 ,598 ,448 ,1.206 ,
2024-04-13 01:40 ,2.535 ,4.306 ,0 ,248 ,3.043 ,8.350 ,1.295 ,-102 ,14 ,597 ,448 ,1.240 ,
2024-04-13 01:45 ,2.522 ,4.305 ,0 ,248 ,3.040 ,8.005 ,1.637 ,-102 ,14 ,597 ,448 ,1.236 ,
2024-04-13 01:50 ,2.510 ,4.305 ,0 ,248 ,3.045 ,8.210 ,1.493 ,-102 ,14 ,595 ,448 ,1.226 ,
2024-04-13 01:55 ,2.475 ,4.304 ,0 ,248 ,3.025 ,8.084 ,1.517 ,-102 ,14 ,594 ,448 ,1.237 ,
2024-04-13 02:00 ,2.450 ,4.307 ,0 ,248 ,3.030 ,7.945 ,1.395 ,-102 ,14 ,592 ,448 ,1.239 ,
2024-04-13 02:05 ,2.421 ,4.304 ,0 ,248 ,2.746 ,8.248 ,1.592 ,-102 ,14 ,590 ,434 ,1.234 ,
2024-04-13 02:10 ,2.393 ,4.304 ,0 ,249 ,2.522 ,8.466 ,1.341 ,-102 ,14 ,589 ,434 ,1.222 ,
2024-04-13 02:15 ,2.371 ,4.303 ,0 ,248 ,2.480 ,8.553 ,1.419 ,-102 ,14 ,588 ,434 ,1.232 ,
2024-04-13 02:20 ,2.341 ,4.310 ,0 ,248 ,2.564 ,8.330 ,1.151 ,-102 ,14 ,587 ,434 ,1.228 ,
2024-04-13 02:25 ,2.345 ,4.307 ,0 ,250 ,2.634 ,8.212 ,1.455 ,-102 ,14 ,586 ,434 ,1.233 ,
2024-04-13 02:30 ,2.326 ,4.305 ,0 ,249 ,2.618 ,8.255 ,1.301 ,-102 ,14 ,584 ,434 ,1.201 ,
2024-04-13 02:35 ,2.303 ,4.303 ,0 ,249 ,2.605 ,8.214 ,1.454 ,-102 ,14 ,585 ,434 ,1.237 ,
2024-04-13 02:40 ,2.298 ,4.306 ,0 ,247 ,2.603 ,8.153 ,1.544 ,-102 ,14 ,584 ,434 ,1.202 ,
2024-04-13 02:45 ,2.291 ,4.305 ,0 ,249 ,2.603 ,8.177 ,1.526 ,-102 ,14 ,579 ,434 ,1.233 ,
2024-04-13 02:50 ,2.236 ,4.305 ,0 ,248 ,2.612 ,8.221 ,1.328 ,-101 ,14 ,572 ,434 ,1.215 ,
2024-04-13 02:55 ,2.219 ,4.303 ,0 ,248 ,2.651 ,8.275 ,1.380 ,-102 ,14 ,568 ,434 ,1.234 ,
2024-04-13 03:00 ,2.207 ,4.308 ,0 ,248 ,2.618 ,8.142 ,1.113 ,-102 ,14 ,563 ,434 ,1.197 ,
2024-04-13 03:05 ,2.176 ,4.337 ,0 ,248 ,2.633 ,7.978 ,1.237 ,-102 ,14 ,561 ,431 ,1.220 ,
2024-04-13 03:10 ,2.172 ,4.346 ,0 ,248 ,2.647 ,7.971 ,1.153 ,-102 ,14 ,557 ,431 ,1.223 ,
2024-04-13 03:15 ,2.133 ,4.353 ,0 ,248 ,2.697 ,7.922 ,1.346 ,-102 ,14 ,524 ,431 ,1.226 ,
2024-04-13 03:20 ,2.091 ,4.360 ,0 ,248 ,2.732 ,7.965 ,1.461 ,-102 ,14 ,517 ,431 ,1.226 ,
2024-04-13 03:25 ,2.077 ,4.368 ,0 ,248 ,2.713 ,7.881 ,1.226 ,-102 ,14 ,509 ,431 ,1.190 ,
2024-04-13 03:30 ,2.060 ,4.374 ,0 ,247 ,2.690 ,7.828 ,1.609 ,-102 ,14 ,506 ,431 ,1.223 ,
2024-04-13 03:35 ,2.025 ,4.383 ,0 ,247 ,2.690 ,7.726 ,1.425 ,-102 ,14 ,506 ,431 ,1.223 ,
2024-04-13 03:40 ,1.988 ,4.389 ,0 ,247 ,2.668 ,7.634 ,1.533 ,-102 ,14 ,504 ,431 ,1.224 ,
2024-04-13 03:45 ,1.925 ,4.400 ,0 ,250 ,2.694 ,7.733 ,1.471 ,-102 ,14 ,500 ,431 ,1.182 ,
2024-04-13 03:50 ,1.873 ,4.404 ,0 ,247 ,2.732 ,7.789 ,1.460 ,-102 ,14 ,494 ,431 ,1.225 ,
2024-04-13 03:55 ,1.843 ,4.412 ,0 ,248 ,2.741 ,7.790 ,1.557 ,-102 ,13 ,491 ,431 ,1.221 ,
2024-04-13 04:00 ,1.832 ,4.420 ,0 ,248 ,2.733 ,7.682 ,1.302 ,-102 ,13 ,491 ,431 ,1.210 ,
2024-04-13 04:05 ,1.816 ,4.432 ,0 ,249 ,2.725 ,7.688 ,1.398 ,-102 ,13 ,489 ,431 ,1.203 ,
2024-04-13 04:10 ,1.811 ,4.438 ,0 ,249 ,2.701 ,7.575 ,1.555 ,-102 ,13 ,474 ,431 ,1.200 ,
2024-04-13 04:15 ,1.787 ,4.438 ,0 ,248 ,2.671 ,7.564 ,1.508 ,-102 ,13 ,467 ,431 ,1.202 ,
2024-04-13 04:20 ,1.767 ,4.448 ,0 ,248 ,2.678 ,7.515 ,1.710 ,-102 ,13 ,468 ,431 ,1.204 ,
2024-04-13 04:25 ,1.737 ,4.461 ,0 ,248 ,2.672 ,7.489 ,1.810 ,-102 ,13 ,465 ,431 ,1.205 ,
2024-04-13 04:30 ,1.703 ,4.461 ,0 ,248 ,2.668 ,7.443 ,2.045 ,-102 ,13 ,460 ,431 ,1.204 ,
2024-04-13 04:35 ,1.682 ,4.459 ,0 ,248 ,2.697 ,7.569 ,1.860 ,-102 ,13 ,447 ,431 ,1.205 ,
2024-04-13 04:40 ,1.673 ,4.461 ,0 ,249 ,2.695 ,7.565 ,1.880 ,-102 ,13 ,450 ,431 ,1.204 ,
2024-04-13 04:45 ,1.623 ,4.462 ,0 ,248 ,2.696 ,7.620 ,1.767 ,-102 ,13 ,435 ,431 ,1.205 ,
2024-04-13 04:50 ,1.594 ,4.446 ,0 ,248 ,2.690 ,7.605 ,1.783 ,-102 ,13 ,423 ,431 ,1.173 ,
2024-04-13 04:55 ,1.560 ,4.432 ,0 ,248 ,2.683 ,7.580 ,2.015 ,-102 ,13 ,421 ,431 ,1.200 ,
2024-04-13 05:00 ,1.560 ,4.434 ,0 ,246 ,2.698 ,7.686 ,1.846 ,-101 ,13 ,417 ,431 ,1.182 ,
2024-04-13 05:05 ,1.518 ,4.435 ,0 ,242 ,2.706 ,7.735 ,1.859 ,-102 ,13 ,413 ,430 ,1.171 ,
2024-04-13 05:10 ,1.469 ,4.434 ,0 ,248 ,2.707 ,7.708 ,1.742 ,-102 ,13 ,406 ,430 ,1.144 ,
2024-04-13 05:15 ,1.443 ,4.429 ,0 ,248 ,2.724 ,7.719 ,1.784 ,-102 ,13 ,399 ,430 ,1.178 ,
2024-04-13 05:20 ,1.442 ,4.433 ,0 ,248 ,2.719 ,7.731 ,1.911 ,-101 ,13 ,376 ,430 ,1.179 ,
2024-04-13 05:25 ,1.428 ,4.432 ,0 ,245 ,2.753 ,7.806 ,1.701 ,-102 ,13 ,365 ,430 ,1.178 ,
2024-04-13 05:30 ,1.443 ,4.431 ,0 ,246 ,2.765 ,7.719 ,1.474 ,-102 ,13 ,347 ,430 ,1.174 ,
2024-04-13 05:35 ,1.434 ,4.435 ,0 ,248 ,2.771 ,7.781 ,1.649 ,-102 ,13 ,331 ,430 ,1.176 ,
2024-04-13 05:40 ,1.456 ,4.431 ,0 ,245 ,2.761 ,7.767 ,1.603 ,-102 ,13 ,302 ,430 ,1.173 ,
2024-04-13 05:45 ,1.453 ,4.435 ,0 ,247 ,2.773 ,7.782 ,1.753 ,-102 ,13 ,307 ,430 ,1.171 ,
2024-04-13 05:50 ,1.473 ,4.431 ,0 ,247 ,2.778 ,7.780 ,1.749 ,-102 ,13 ,296 ,430 ,1.176 ,
2024-04-13 05:55 ,1.471 ,4.434 ,0 ,247 ,2.784 ,7.768 ,1.602 ,-102 ,13 ,259 ,430 ,1.144 ,
2024-04-13 06:00 ,1.486 ,4.434 ,0 ,247 ,2.773 ,7.748 ,1.760 ,-101 ,13 ,259 ,430 ,1.174 ,
2024-04-13 06:05 ,1.529 ,4.431 ,0 ,247 ,2.811 ,7.816 ,1.966 ,-102 ,11 ,246 ,433 ,1.164 ,
2024-04-13 06:10 ,1.551 ,4.434 ,0 ,247 ,2.821 ,7.959 ,2.012 ,-102 ,11 ,239 ,433 ,1.169 ,
2024-04-13 06:15 ,1.573 ,4.434 ,0 ,248 ,2.817 ,7.957 ,1.923 ,-102 ,11 ,231 ,433 ,1.132 ,
2024-04-13 06:20 ,1.585 ,4.433 ,0 ,248 ,2.836 ,8.028 ,1.986 ,-102 ,11 ,230 ,433 ,1.137 ,
2024-04-13 06:25 ,1.585 ,4.431 ,0 ,248 ,2.846 ,8.093 ,1.807 ,-102 ,11 ,226 ,433 ,1.175 ,
2024-04-13 06:30 ,1.579 ,4.437 ,0 ,248 ,2.831 ,8.197 ,1.746 ,-102 ,11 ,219 ,433 ,1.174 ,
2024-04-13 06:35 ,1.604 ,4.436 ,0 ,248 ,2.796 ,8.212 ,1.879 ,-102 ,11 ,202 ,433 ,1.168 ,
2024-04-13 06:40 ,1.619 ,4.437 ,0 ,248 ,2.794 ,8.313 ,1.906 ,-102 ,11 ,190 ,433 ,1.169 ,
2024-04-13 06:45 ,1.613 ,4.435 ,0 ,248 ,2.806 ,8.396 ,1.786 ,-102 ,11 ,187 ,433 ,1.168 ,
2024-04-13 06:50 ,1.602 ,4.435 ,0 ,248 ,2.808 ,8.471 ,1.759 ,-101 ,11 ,182 ,433 ,1.169 ,
2024-04-13 06:55 ,1.610 ,4.431 ,0 ,250 ,2.836 ,8.510 ,1.791 ,-102 ,11 ,178 ,433 ,1.171 ,
2024-04-13 07:00 ,1.615 ,4.432 ,0 ,251 ,2.801 ,8.459 ,1.921 ,-102 ,11 ,177 ,433 ,1.135 ,
2024-04-13 07:05 ,1.628 ,4.435 ,0 ,249 ,2.841 ,8.429 ,2.352 ,-101 ,27 ,173 ,436 ,1.131 ,
2024-04-13 07:10 ,1.623 ,4.435 ,0 ,249 ,2.888 ,8.347 ,2.525 ,-101 ,24 ,153 ,436 ,1.164 ,
2024-04-13 07:15 ,1.600 ,4.435 ,0 ,245 ,3.004 ,8.428 ,2.354 ,-101 ,24 ,155 ,436 ,1.165 ,
2024-04-13 07:20 ,1.576 ,4.432 ,0 ,248 ,3.017 ,8.447 ,2.426 ,-101 ,28 ,135 ,436 ,1.129 ,
2024-04-13 07:25 ,1.554 ,4.436 ,0 ,249 ,3.052 ,8.347 ,2.386 ,-102 ,26 ,149 ,436 ,1.164 ,
2024-04-13 07:30 ,1.524 ,4.435 ,0 ,247 ,3.156 ,8.327 ,2.290 ,-101 ,37 ,149 ,436 ,1.164 ,
2024-04-13 07:35 ,1.475 ,4.439 ,0 ,248 ,3.165 ,8.245 ,2.386 ,-102 ,49 ,149 ,436 ,1.160 ,
2024-04-13 07:40 ,1.476 ,4.443 ,0 ,248 ,3.185 ,8.175 ,2.298 ,-101 ,84 ,149 ,436 ,1.164 ,
2024-04-13 07:45 ,1.473 ,4.450 ,0 ,248 ,3.167 ,8.167 ,2.355 ,-102 ,138 ,148 ,436 ,1.166 ,
2024-04-13 07:50 ,1.462 ,4.452 ,0 ,248 ,3.170 ,8.157 ,2.263 ,-102 ,228 ,147 ,436 ,1.164 ,
2024-04-13 07:55 ,1.453 ,4.464 ,0 ,249 ,3.211 ,7.906 ,2.211 ,-102 ,368 ,143 ,436 ,1.166 ,
2024-04-13 08:00 ,1.447 ,4.468 ,0 ,248 ,3.312 ,8.065 ,1.942 ,-126 ,566 ,144 ,436 ,1.154 ,
2024-04-13 08:05 ,1.484 ,4.477 ,0 ,249 ,3.850 ,8.774 ,744 ,-151 ,859 ,146 ,433 ,1.122 ,
2024-04-13 08:10 ,1.519 ,4.481 ,0 ,247 ,4.205 ,8.741 ,432 ,-177 ,1.206 ,137 ,433 ,1.159 ,
2024-04-13 08:15 ,1.535 ,4.490 ,0 ,249 ,4.306 ,8.502 ,42 ,-179 ,1.609 ,132 ,433 ,1.149 ,
2024-04-13 08:20 ,1.509 ,4.497 ,0 ,249 ,4.053 ,8.391 ,381 ,-179 ,2.090 ,133 ,433 ,1.147 ,
2024-04-13 08:25 ,1.549 ,4.501 ,0 ,249 ,3.825 ,8.339 ,-222 ,-179 ,2.633 ,133 ,433 ,1.116 ,
2024-04-13 08:30 ,1.540 ,4.510 ,0 ,249 ,3.677 ,8.122 ,-150 ,-179 ,3.226 ,133 ,433 ,1.147 ,
2024-04-13 08:35 ,1.543 ,4.511 ,0 ,249 ,3.587 ,7.863 ,-119 ,-179 ,3.853 ,134 ,433 ,1.145 ,
2024-04-13 08:40 ,1.526 ,4.526 ,0 ,249 ,3.450 ,7.289 ,-317 ,-179 ,4.546 ,134 ,433 ,1.140 ,
2024-04-13 08:45 ,1.407 ,4.525 ,0 ,248 ,3.332 ,6.656 ,-14 ,-179 ,5.254 ,133 ,433 ,1.108 ,
2024-04-13 08:50 ,1.347 ,4.534 ,0 ,248 ,3.281 ,6.189 ,28 ,-179 ,5.629 ,129 ,433 ,1.138 ,
2024-04-13 08:55 ,1.339 ,4.541 ,0 ,249 ,3.251 ,6.010 ,-61 ,-179 ,6.091 ,116 ,433 ,1.138 ,
2024-04-13 09:00 ,1.332 ,4.547 ,0 ,249 ,3.289 ,6.149 ,-1.054 ,-165 ,7.091 ,112 ,433 ,1.099 ,
2024-04-13 09:05 ,1.423 ,4.555 ,0 ,249 ,3.220 ,6.384 ,-2.365 ,-153 ,8.269 ,115 ,423 ,1.084 ,
2024-04-13 09:10 ,1.395 ,4.569 ,0 ,249 ,3.038 ,6.579 ,-2.931 ,-153 ,9.029 ,125 ,423 ,1.081 ,
2024-04-13 09:15 ,1.392 ,4.575 ,0 ,249 ,2.844 ,6.578 ,-3.232 ,-153 ,9.755 ,134 ,423 ,1.077 ,
2024-04-13 09:20 ,1.351 ,4.584 ,0 ,249 ,2.647 ,6.395 ,-3.506 ,-153 ,10.398 ,147 ,423 ,1.076 ,
2024-04-13 09:25 ,1.330 ,4.592 ,0 ,249 ,2.508 ,5.639 ,-3.433 ,-153 ,11.059 ,176 ,423 ,1.072 ,
2024-04-13 09:30 ,1.272 ,4.596 ,0 ,249 ,2.500 ,5.092 ,-3.464 ,-153 ,11.746 ,235 ,423 ,1.036 ,
2024-04-13 09:35 ,1.240 ,4.603 ,0 ,249 ,2.494 ,4.867 ,-3.582 ,-153 ,11.989 ,311 ,423 ,1.068 ,
2024-04-13 09:40 ,1.180 ,4.615 ,0 ,249 ,2.429 ,4.090 ,-3.049 ,-153 ,12.322 ,417 ,423 ,1.067 ,
2024-04-13 09:45 ,1.119 ,4.621 ,0 ,248 ,2.420 ,3.977 ,-3.179 ,-153 ,12.775 ,519 ,423 ,1.066 ,
2024-04-13 09:50 ,1.021 ,4.632 ,0 ,249 ,2.424 ,3.897 ,-3.107 ,-153 ,12.742 ,606 ,423 ,1.068 ,
2024-04-13 09:55 ,987 ,4.640 ,0 ,249 ,2.418 ,3.673 ,-3.269 ,-153 ,13.091 ,705 ,423 ,1.067 ,
2024-04-13 10:00 ,980 ,4.639 ,0 ,249 ,2.370 ,3.479 ,-2.772 ,-129 ,12.815 ,807 ,423 ,1.068 ,
2024-04-13 10:05 ,1.008 ,4.642 ,0 ,250 ,1.815 ,3.529 ,-2.105 ,-103 ,12.233 ,917 ,398 ,1.068 ,
2024-04-13 10:10 ,1.000 ,4.638 ,0 ,248 ,1.250 ,3.698 ,-2.228 ,-102 ,12.556 ,1.018 ,398 ,1.074 ,
2024-04-13 10:15 ,986 ,4.641 ,0 ,253 ,1.158 ,3.931 ,-2.020 ,-102 ,12.057 ,1.115 ,398 ,1.068 ,
2024-04-13 10:20 ,990 ,4.641 ,0 ,248 ,1.039 ,4.051 ,-2.253 ,-102 ,12.158 ,1.207 ,398 ,1.067 ,
2024-04-13 10:25 ,983 ,4.642 ,0 ,249 ,979 ,3.978 ,-2.357 ,-102 ,12.294 ,1.284 ,398 ,1.067 ,
2024-04-13 10:30 ,1.002 ,4.641 ,0 ,249 ,922 ,3.582 ,-2.219 ,-102 ,12.347 ,1.343 ,398 ,1.036 ,
2024-04-13 10:35 ,1.008 ,4.639 ,0 ,249 ,872 ,3.512 ,-2.421 ,-102 ,12.549 ,1.398 ,398 ,1.036 ,
2024-04-13 10:40 ,984 ,4.638 ,0 ,250 ,821 ,3.512 ,-2.100 ,-102 ,12.600 ,1.445 ,398 ,1.065 ,
2024-04-13 10:45 ,1.000 ,4.640 ,0 ,248 ,822 ,3.615 ,-2.187 ,-102 ,12.536 ,1.473 ,397 ,1.060 ,
2024-04-13 10:50 ,1.025 ,4.643 ,0 ,248 ,826 ,3.620 ,-2.566 ,-92 ,12.627 ,1.503 ,398 ,1.060 ,
2024-04-13 10:55 ,1.009 ,4.641 ,0 ,248 ,816 ,3.512 ,-2.414 ,-102 ,12.570 ,1.518 ,398 ,1.059 ,
2024-04-13 11:00 ,911 ,4.642 ,0 ,248 ,821 ,3.316 ,-1.796 ,-102 ,12.177 ,1.528 ,392 ,1.046 ,
2024-04-13 11:05 ,839 ,4.640 ,0 ,248 ,834 ,3.091 ,-587 ,-102 ,11.011 ,1.547 ,334 ,1.052 ,
2024-04-13 11:10 ,776 ,4.640 ,0 ,248 ,822 ,2.872 ,-799 ,-102 ,11.224 ,1.566 ,334 ,1.063 ,
2024-04-13 11:15 ,788 ,4.643 ,0 ,248 ,826 ,2.690 ,-659 ,-102 ,11.305 ,1.571 ,334 ,1.064 ,
2024-04-13 11:20 ,784 ,4.641 ,0 ,248 ,821 ,2.595 ,-674 ,-102 ,11.363 ,1.573 ,334 ,1.028 ,
2024-04-13 11:25 ,811 ,4.647 ,0 ,243 ,821 ,2.666 ,-602 ,-102 ,11.289 ,1.583 ,334 ,1.056 ,
2024-04-13 11:30 ,830 ,4.659 ,0 ,248 ,819 ,2.603 ,-855 ,-102 ,11.297 ,1.593 ,334 ,1.056 ,
2024-04-13 11:35 ,835 ,4.659 ,0 ,249 ,839 ,2.563 ,-743 ,-102 ,11.291 ,1.608 ,334 ,1.058 ,
2024-04-13 11:40 ,854 ,4.670 ,0 ,249 ,835 ,2.453 ,-624 ,-102 ,11.296 ,1.612 ,334 ,1.028 ,
2024-04-13 11:45 ,857 ,4.673 ,0 ,248 ,831 ,2.434 ,-625 ,-102 ,11.177 ,1.600 ,334 ,1.058 ,
2024-04-13 11:50 ,853 ,4.686 ,0 ,249 ,815 ,2.401 ,-683 ,-102 ,11.316 ,1.597 ,334 ,1.064 ,
2024-04-13 11:55 ,859 ,4.690 ,0 ,249 ,816 ,2.210 ,-728 ,-81 ,11.251 ,1.593 ,334 ,1.056 ,
2024-04-13 12:00 ,843 ,4.697 ,0 ,247 ,817 ,2.105 ,-620 ,-81 ,11.212 ,1.596 ,334 ,1.055 ,
2024-04-13 12:05 ,870 ,4.705 ,0 ,248 ,823 ,2.151 ,-693 ,-82 ,11.249 ,1.587 ,333 ,1.049 ,
2024-04-13 12:10 ,876 ,4.719 ,0 ,250 ,824 ,2.305 ,-799 ,-81 ,11.389 ,1.602 ,333 ,1.048 ,
2024-04-13 12:15 ,881 ,4.723 ,0 ,248 ,824 ,2.370 ,-1.119 ,-81 ,11.397 ,1.599 ,333 ,1.049 ,
2024-04-13 12:20 ,844 ,4.727 ,0 ,249 ,816 ,2.287 ,-1.254 ,-82 ,11.726 ,1.604 ,333 ,1.047 ,
2024-04-13 12:25 ,843 ,4.736 ,0 ,249 ,815 ,2.091 ,-741 ,-81 ,11.196 ,1.607 ,333 ,1.018 ,
2024-04-13 12:30 ,852 ,4.735 ,0 ,249 ,817 ,2.251 ,-742 ,-81 ,11.202 ,1.607 ,333 ,1.044 ,
2024-04-13 12:35 ,875 ,4.734 ,0 ,249 ,828 ,2.443 ,-761 ,-81 ,11.057 ,1.609 ,333 ,1.050 ,
2024-04-13 12:40 ,866 ,4.739 ,0 ,249 ,822 ,2.455 ,-847 ,-81 ,11.103 ,1.610 ,333 ,1.043 ,
2024-04-13 12:45 ,881 ,4.736 ,0 ,248 ,824 ,2.435 ,-947 ,-81 ,11.096 ,1.611 ,333 ,1.012 ,
2024-04-13 12:50 ,873 ,4.732 ,0 ,248 ,826 ,2.416 ,-971 ,-81 ,11.106 ,1.614 ,333 ,1.043 ,
2024-04-13 12:55 ,833 ,4.737 ,0 ,248 ,815 ,2.322 ,-764 ,-81 ,11.023 ,1.614 ,333 ,1.048 ,
2024-04-13 13:00 ,842 ,4.747 ,0 ,249 ,821 ,2.343 ,-1.009 ,-82 ,11.033 ,1.614 ,333 ,1.043 ,
2024-04-13 13:05 ,839 ,4.752 ,0 ,248 ,819 ,2.297 ,-1.078 ,-82 ,11.210 ,1.623 ,336 ,1.040 ,
2024-04-13 13:10 ,854 ,4.760 ,0 ,248 ,820 ,2.327 ,-1.072 ,-81 ,11.250 ,1.620 ,336 ,1.040 ,
2024-04-13 13:15 ,851 ,4.768 ,0 ,248 ,833 ,2.321 ,-875 ,-82 ,11.258 ,1.620 ,336 ,1.046 ,
2024-04-13 13:20 ,859 ,4.766 ,0 ,248 ,885 ,2.333 ,-1.211 ,-82 ,11.374 ,1.632 ,346 ,1.039 ,
2024-04-13 13:25 ,865 ,4.767 ,0 ,248 ,863 ,2.306 ,-1.141 ,-82 ,11.311 ,1.642 ,346 ,1.041 ,
2024-04-13 13:30 ,858 ,4.768 ,0 ,248 ,825 ,2.248 ,-1.112 ,-82 ,11.251 ,1.648 ,346 ,1.042 ,
2024-04-13 13:35 ,832 ,4.764 ,0 ,248 ,854 ,2.327 ,-1.056 ,-82 ,11.257 ,1.656 ,346 ,1.045 ,
2024-04-13 13:40 ,827 ,4.765 ,0 ,249 ,861 ,2.337 ,-1.131 ,-82 ,11.283 ,1.654 ,346 ,1.047 ,
2024-04-13 13:45 ,845 ,4.766 ,0 ,247 ,892 ,2.367 ,-1.125 ,-82 ,11.315 ,1.661 ,346 ,1.042 ,
2024-04-13 13:50 ,862 ,4.771 ,0 ,248 ,838 ,2.322 ,-989 ,-82 ,11.234 ,1.660 ,346 ,1.040 ,
2024-04-13 13:55 ,879 ,4.773 ,0 ,248 ,826 ,2.308 ,-1.071 ,-82 ,11.139 ,1.660 ,346 ,1.029 ,
2024-04-13 14:00 ,890 ,4.775 ,0 ,248 ,808 ,2.288 ,-992 ,-82 ,11.093 ,1.659 ,346 ,1.030 ,
2024-04-13 14:05 ,928 ,4.771 ,0 ,250 ,820 ,2.204 ,-1.067 ,-81 ,11.315 ,1.657 ,339 ,1.032 ,
2024-04-13 14:10 ,966 ,4.773 ,0 ,247 ,842 ,2.242 ,-1.192 ,-82 ,11.377 ,1.644 ,339 ,989 ,
2024-04-13 14:15 ,957 ,4.775 ,0 ,248 ,920 ,2.138 ,-1.308 ,-82 ,11.371 ,1.635 ,339 ,1.018 ,
2024-04-13 14:20 ,940 ,4.772 ,0 ,248 ,901 ,2.069 ,-1.305 ,-82 ,11.370 ,1.639 ,342 ,990 ,
2024-04-13 14:25 ,940 ,4.772 ,0 ,248 ,895 ,2.052 ,-1.354 ,-81 ,11.336 ,1.638 ,342 ,1.021 ,
2024-04-13 14:30 ,927 ,4.773 ,0 ,248 ,905 ,2.013 ,-1.510 ,-79 ,11.312 ,1.623 ,339 ,1.023 ,
2024-04-13 14:35 ,924 ,4.777 ,0 ,248 ,842 ,1.955 ,-1.618 ,-78 ,11.355 ,1.617 ,346 ,1.022 ,
2024-04-13 14:40 ,926 ,4.770 ,0 ,248 ,815 ,1.833 ,-1.483 ,-79 ,11.303 ,1.606 ,346 ,1.020 ,
2024-04-13 14:45 ,910 ,4.776 ,0 ,248 ,814 ,1.759 ,-1.576 ,-78 ,11.253 ,1.590 ,337 ,1.022 ,
2024-04-13 14:50 ,887 ,4.772 ,0 ,248 ,818 ,1.856 ,-1.418 ,-76 ,10.992 ,1.605 ,332 ,1.014 ,
2024-04-13 14:55 ,887 ,4.787 ,0 ,248 ,813 ,1.914 ,-1.576 ,-76 ,10.898 ,1.605 ,332 ,989 ,
2024-04-13 15:00 ,786 ,4.792 ,0 ,248 ,808 ,1.909 ,-1.406 ,-76 ,10.743 ,1.609 ,332 ,1.017 ,
2024-04-13 15:05 ,790 ,4.797 ,0 ,247 ,814 ,2.018 ,-1.454 ,-75 ,11.001 ,1.603 ,331 ,1.014 ,
2024-04-13 15:10 ,802 ,4.790 ,0 ,247 ,817 ,2.026 ,-1.626 ,-82 ,11.012 ,1.591 ,331 ,1.018 ,
2024-04-13 15:15 ,849 ,4.796 ,0 ,247 ,820 ,2.021 ,-1.711 ,-82 ,10.974 ,1.589 ,331 ,986 ,
2024-04-13 15:20 ,829 ,4.795 ,0 ,245 ,834 ,2.097 ,-2.193 ,-82 ,11.175 ,1.599 ,332 ,1.016 ,
2024-04-13 15:25 ,807 ,4.790 ,0 ,248 ,840 ,2.151 ,-2.209 ,-81 ,11.222 ,1.600 ,332 ,1.018 ,
2024-04-13 15:30 ,814 ,4.792 ,0 ,248 ,835 ,2.168 ,-2.444 ,-82 ,11.160 ,1.616 ,332 ,1.022 ,
2024-04-13 15:35 ,794 ,4.793 ,0 ,246 ,813 ,1.907 ,-2.198 ,-82 ,11.057 ,1.613 ,344 ,1.033 ,
2024-04-13 15:40 ,795 ,4.795 ,0 ,248 ,809 ,1.951 ,-2.317 ,-82 ,11.007 ,1.613 ,344 ,1.029 ,
2024-04-13 15:45 ,802 ,4.793 ,0 ,247 ,815 ,1.917 ,-1.966 ,-82 ,10.940 ,1.617 ,344 ,1.024 ,
2024-04-13 15:50 ,792 ,4.793 ,0 ,245 ,808 ,1.842 ,-1.836 ,-82 ,10.786 ,1.617 ,344 ,1.024 ,
2024-04-13 15:55 ,766 ,4.794 ,0 ,252 ,816 ,1.854 ,-1.998 ,-82 ,10.744 ,1.620 ,344 ,1.028 ,
2024-04-13 16:00 ,809 ,4.796 ,0 ,252 ,812 ,1.969 ,-2.157 ,-82 ,10.859 ,1.622 ,344 ,1.024 ,
2024-04-13 16:05 ,818 ,4.798 ,0 ,249 ,859 ,2.198 ,-2.419 ,-82 ,10.790 ,1.612 ,340 ,1.024 ,
2024-04-13 16:10 ,854 ,4.800 ,0 ,248 ,870 ,2.237 ,-2.733 ,-81 ,10.875 ,1.599 ,340 ,1.027 ,
2024-04-13 16:15 ,873 ,4.794 ,0 ,248 ,860 ,2.195 ,-2.807 ,-82 ,10.774 ,1.595 ,340 ,1.029 ,
2024-04-13 16:20 ,913 ,4.792 ,0 ,248 ,836 ,2.186 ,-2.585 ,-82 ,10.782 ,1.615 ,323 ,997 ,
2024-04-13 16:25 ,922 ,4.791 ,0 ,248 ,814 ,2.124 ,-2.597 ,-82 ,10.630 ,1.624 ,323 ,1.027 ,
2024-04-13 16:30 ,914 ,4.793 ,0 ,248 ,816 ,2.166 ,-2.497 ,-82 ,10.635 ,1.628 ,301 ,1.010 ,
2024-04-13 16:35 ,923 ,4.801 ,0 ,248 ,814 ,2.120 ,-2.325 ,-82 ,10.509 ,1.635 ,292 ,1.008 ,
2024-04-13 16:40 ,946 ,4.804 ,0 ,248 ,851 ,2.283 ,-2.552 ,-82 ,10.743 ,1.644 ,292 ,1.015 ,
2024-04-13 16:45 ,941 ,4.813 ,0 ,247 ,843 ,2.358 ,-2.564 ,-82 ,10.682 ,1.650 ,293 ,1.013 ,
2024-04-13 16:50 ,956 ,4.824 ,0 ,248 ,822 ,2.233 ,-2.317 ,-82 ,10.576 ,1.659 ,308 ,1.014 ,
2024-04-13 16:55 ,993 ,4.829 ,0 ,248 ,859 ,2.323 ,-2.676 ,-82 ,10.677 ,1.664 ,308 ,1.014 ,
2024-04-13 17:00 ,1.060 ,4.841 ,0 ,248 ,954 ,2.902 ,-4.089 ,-91 ,11.188 ,1.661 ,308 ,1.014 ,
2024-04-13 17:05 ,1.118 ,4.845 ,0 ,250 ,1.104 ,3.406 ,-5.257 ,-101 ,11.971 ,1.644 ,339 ,1.013 ,
2024-04-13 17:10 ,1.280 ,4.851 ,0 ,249 ,1.164 ,3.449 ,-6.136 ,-102 ,12.653 ,1.629 ,339 ,765 ,
2024-04-13 17:15 ,1.476 ,4.862 ,0 ,249 ,1.227 ,3.462 ,-6.025 ,-102 ,12.604 ,1.609 ,339 ,763 ,
2024-04-13 17:20 ,1.679 ,4.865 ,0 ,249 ,1.239 ,3.415 ,-6.316 ,-102 ,12.680 ,1.600 ,339 ,767 ,
2024-04-13 17:25 ,1.775 ,4.876 ,0 ,249 ,1.200 ,3.429 ,-6.222 ,-102 ,12.554 ,1.593 ,339 ,762 ,
2024-04-13 17:30 ,1.782 ,4.880 ,0 ,249 ,1.126 ,3.384 ,-6.055 ,-102 ,12.651 ,1.587 ,339 ,1.017 ,
2024-04-13 17:35 ,1.860 ,4.893 ,0 ,247 ,1.113 ,3.298 ,-6.039 ,-101 ,12.720 ,1.589 ,330 ,1.016 ,
2024-04-13 17:40 ,1.889 ,4.901 ,0 ,248 ,1.048 ,3.241 ,-6.089 ,-102 ,12.973 ,1.585 ,330 ,1.023 ,
2024-04-13 17:45 ,1.874 ,4.906 ,0 ,249 ,1.035 ,3.327 ,-6.077 ,-102 ,12.909 ,1.584 ,330 ,1.021 ,
2024-04-13 17:50 ,1.885 ,4.909 ,0 ,247 ,993 ,3.381 ,-5.958 ,-101 ,12.750 ,1.583 ,333 ,1.024 ,
2024-04-13 17:55 ,1.944 ,4.917 ,0 ,244 ,1.059 ,3.409 ,-5.983 ,-102 ,12.577 ,1.579 ,333 ,993 ,
2024-04-13 18:00 ,1.964 ,4.929 ,0 ,241 ,1.058 ,3.082 ,-5.627 ,-126 ,12.638 ,1.571 ,333 ,1.023 ,
2024-04-13 18:05 ,1.715 ,4.942 ,0 ,241 ,1.077 ,3.015 ,-4.969 ,-151 ,13.153 ,1.564 ,383 ,1.011 ,
2024-04-13 18:10 ,1.649 ,4.947 ,0 ,241 ,1.108 ,3.238 ,-4.997 ,-177 ,13.008 ,1.559 ,383 ,993 ,
2024-04-13 18:15 ,1.705 ,4.949 ,0 ,242 ,1.171 ,3.234 ,-5.214 ,-179 ,12.864 ,1.556 ,383 ,1.016 ,
2024-04-13 18:20 ,1.764 ,4.952 ,0 ,251 ,1.348 ,3.206 ,-5.065 ,-179 ,12.718 ,1.566 ,383 ,1.020 ,
2024-04-13 18:25 ,1.688 ,4.963 ,0 ,251 ,1.530 ,3.321 ,-5.166 ,-179 ,12.440 ,1.560 ,383 ,1.028 ,
2024-04-13 18:30 ,1.706 ,4.970 ,0 ,254 ,1.587 ,3.558 ,-5.206 ,-179 ,12.353 ,1.552 ,383 ,998 ,
2024-04-13 18:35 ,1.722 ,4.983 ,0 ,254 ,1.690 ,3.727 ,-4.879 ,-179 ,12.156 ,1.534 ,383 ,999 ,
2024-04-13 18:40 ,1.753 ,4.985 ,0 ,252 ,1.767 ,3.925 ,-5.134 ,-179 ,11.879 ,1.518 ,383 ,1.029 ,
2024-04-13 18:45 ,1.797 ,4.991 ,0 ,250 ,1.891 ,4.179 ,-4.994 ,-179 ,11.714 ,1.515 ,362 ,1.031 ,
2024-04-13 18:50 ,1.803 ,5.000 ,0 ,250 ,2.018 ,4.538 ,-4.891 ,-179 ,11.339 ,1.507 ,362 ,1.001 ,
2024-04-13 18:55 ,1.780 ,5.006 ,0 ,251 ,2.278 ,4.617 ,-4.622 ,-179 ,10.992 ,1.495 ,362 ,1.039 ,
2024-04-13 19:00 ,1.950 ,5.008 ,0 ,249 ,2.598 ,4.371 ,-3.981 ,-203 ,10.241 ,1.480 ,362 ,1.037 ,
2024-04-13 19:05 ,1.847 ,5.023 ,0 ,246 ,2.909 ,4.029 ,-2.551 ,-230 ,9.213 ,1.494 ,374 ,1.029 ,
2024-04-13 19:10 ,1.921 ,5.022 ,0 ,247 ,3.012 ,4.156 ,-2.364 ,-236 ,8.732 ,1.484 ,374 ,1.026 ,
2024-04-13 19:15 ,1.989 ,5.021 ,0 ,247 ,3.061 ,4.616 ,-2.344 ,-236 ,8.210 ,1.493 ,396 ,1.003 ,
2024-04-13 19:20 ,2.282 ,5.027 ,0 ,247 ,3.078 ,4.534 ,-2.611 ,-236 ,8.254 ,1.480 ,401 ,1.035 ,
2024-04-13 19:25 ,2.523 ,5.026 ,0 ,248 ,3.102 ,4.803 ,-2.445 ,-236 ,7.669 ,1.461 ,401 ,1.051 ,
2024-04-13 19:30 ,2.770 ,5.034 ,0 ,248 ,3.174 ,5.436 ,-2.553 ,-236 ,7.095 ,1.437 ,401 ,1.048 ,
2024-04-13 19:35 ,2.804 ,5.031 ,0 ,248 ,3.199 ,5.889 ,-2.310 ,-236 ,6.373 ,1.397 ,401 ,1.021 ,
2024-04-13 19:40 ,2.767 ,5.034 ,0 ,248 ,3.278 ,6.611 ,-2.207 ,-236 ,5.787 ,1.338 ,401 ,1.060 ,
2024-04-13 19:45 ,2.844 ,5.041 ,0 ,248 ,3.398 ,7.412 ,-2.588 ,-236 ,5.270 ,1.292 ,401 ,1.067 ,
2024-04-13 19:50 ,2.859 ,5.042 ,0 ,252 ,3.492 ,7.624 ,-2.360 ,-236 ,4.675 ,1.252 ,431 ,1.070 ,
2024-04-13 19:55 ,2.918 ,5.045 ,0 ,248 ,3.584 ,7.834 ,-1.870 ,-236 ,4.129 ,1.179 ,431 ,1.039 ,
2024-04-13 20:00 ,2.870 ,5.046 ,0 ,250 ,3.471 ,7.757 ,-1.208 ,-255 ,3.213 ,1.115 ,401 ,1.070 ,
2024-04-13 20:05 ,2.367 ,5.051 ,0 ,248 ,3.414 ,7.313 ,717 ,-267 ,2.534 ,1.055 ,405 ,1.074 ,
2024-04-13 20:10 ,2.306 ,5.052 ,0 ,250 ,3.308 ,7.366 ,1.190 ,-267 ,2.026 ,1.015 ,405 ,1.078 ,
2024-04-13 20:15 ,2.333 ,5.053 ,0 ,249 ,3.320 ,7.721 ,1.233 ,-267 ,1.633 ,970 ,405 ,1.077 ,
2024-04-13 20:20 ,2.513 ,5.055 ,0 ,248 ,3.336 ,7.945 ,1.263 ,-267 ,1.344 ,929 ,405 ,1.050 ,
2024-04-13 20:25 ,2.718 ,5.062 ,0 ,250 ,3.383 ,8.067 ,1.441 ,-268 ,1.072 ,890 ,405 ,1.078 ,
2024-04-13 20:30 ,2.741 ,5.063 ,0 ,249 ,3.396 ,8.220 ,1.726 ,-267 ,800 ,876 ,405 ,1.078 ,
2024-04-13 20:35 ,2.826 ,5.062 ,0 ,249 ,3.423 ,8.593 ,1.870 ,-268 ,592 ,852 ,405 ,1.084 ,
2024-04-13 20:40 ,2.958 ,5.067 ,0 ,249 ,3.421 ,8.854 ,1.890 ,-267 ,450 ,828 ,405 ,1.045 ,
2024-04-13 20:45 ,3.007 ,5.068 ,0 ,250 ,3.451 ,9.151 ,1.828 ,-267 ,347 ,790 ,405 ,1.076 ,
2024-04-13 20:50 ,3.073 ,5.073 ,0 ,247 ,3.519 ,9.543 ,1.498 ,-267 ,282 ,765 ,407 ,1.080 ,
2024-04-13 20:55 ,3.093 ,5.074 ,0 ,249 ,3.546 ,9.625 ,1.723 ,-268 ,254 ,739 ,407 ,1.081 ,
2024-04-13 21:00 ,3.099 ,5.077 ,0 ,242 ,3.586 ,9.682 ,1.647 ,-267 ,231 ,725 ,422 ,1.081 ,
2024-04-13 21:05 ,3.113 ,5.077 ,0 ,249 ,3.632 ,9.756 ,1.840 ,-267 ,222 ,715 ,438 ,1.093 ,
2024-04-13 21:10 ,3.134 ,5.081 ,0 ,248 ,3.587 ,9.651 ,2.180 ,-267 ,221 ,693 ,438 ,1.093 ,
2024-04-13 21:15 ,3.152 ,5.084 ,0 ,248 ,3.625 ,9.711 ,2.153 ,-267 ,221 ,673 ,438 ,1.095 ,
2024-04-13 21:20 ,3.183 ,5.087 ,0 ,248 ,3.616 ,9.695 ,2.245 ,-268 ,221 ,663 ,438 ,1.099 ,
2024-04-13 21:25 ,3.175 ,5.092 ,0 ,248 ,3.595 ,9.659 ,2.518 ,-268 ,221 ,660 ,438 ,1.063 ,
2024-04-13 21:30 ,3.191 ,5.094 ,0 ,248 ,3.615 ,9.634 ,2.411 ,-267 ,221 ,651 ,438 ,1.091 ,
2024-04-13 21:35 ,3.190 ,5.098 ,0 ,248 ,3.613 ,9.651 ,2.430 ,-268 ,221 ,646 ,438 ,1.091 ,
2024-04-13 21:40 ,3.239 ,5.101 ,0 ,248 ,3.588 ,9.560 ,2.403 ,-268 ,221 ,635 ,438 ,1.092 ,
2024-04-13 21:45 ,3.257 ,5.101 ,0 ,248 ,3.504 ,9.342 ,2.510 ,-267 ,221 ,636 ,438 ,1.065 ,
2024-04-13 21:50 ,3.255 ,5.103 ,0 ,248 ,3.484 ,9.288 ,2.496 ,-267 ,220 ,636 ,438 ,1.089 ,
2024-04-13 21:55 ,3.270 ,5.110 ,0 ,250 ,3.504 ,9.274 ,2.443 ,-268 ,220 ,636 ,438 ,1.090 ,
2024-04-13 22:00 ,3.295 ,5.106 ,0 ,250 ,3.531 ,9.489 ,1.946 ,-243 ,220 ,633 ,438 ,1.093 ,
2024-04-13 22:05 ,3.294 ,5.111 ,0 ,248 ,3.454 ,9.579 ,1.689 ,-217 ,220 ,633 ,444 ,1.061 ,
2024-04-13 22:10 ,3.284 ,5.115 ,0 ,251 ,3.411 ,9.667 ,1.582 ,-205 ,220 ,634 ,444 ,1.081 ,
2024-04-13 22:15 ,3.274 ,5.119 ,0 ,248 ,3.341 ,9.713 ,1.514 ,-205 ,220 ,634 ,444 ,1.085 ,
2024-04-13 22:20 ,3.252 ,5.122 ,0 ,248 ,3.338 ,9.743 ,1.240 ,-204 ,220 ,634 ,444 ,1.089 ,
2024-04-13 22:25 ,3.266 ,5.124 ,0 ,248 ,3.390 ,9.809 ,1.179 ,-205 ,220 ,634 ,444 ,1.087 ,
2024-04-13 22:30 ,3.267 ,5.124 ,0 ,248 ,3.328 ,9.588 ,995 ,-204 ,220 ,634 ,444 ,1.087 ,
2024-04-13 22:35 ,3.292 ,5.125 ,0 ,249 ,3.415 ,9.560 ,707 ,-205 ,220 ,636 ,444 ,1.090 ,
2024-04-13 22:40 ,3.284 ,5.130 ,0 ,249 ,3.430 ,9.355 ,783 ,-205 ,220 ,633 ,444 ,1.060 ,
2024-04-13 22:45 ,3.276 ,5.132 ,0 ,248 ,3.376 ,9.113 ,978 ,-205 ,220 ,633 ,444 ,1.090 ,
2024-04-13 22:50 ,3.258 ,5.135 ,0 ,248 ,3.409 ,8.972 ,923 ,-204 ,219 ,634 ,444 ,1.042 ,
2024-04-13 22:55 ,3.284 ,5.140 ,0 ,248 ,3.408 ,8.596 ,1.036 ,-205 ,220 ,634 ,444 ,1.076 ,
2024-04-13 23:00 ,3.278 ,5.143 ,0 ,247 ,3.504 ,8.449 ,840 ,-190 ,220 ,635 ,444 ,1.076 ,
2024-04-13 23:05 ,3.260 ,5.147 ,0 ,247 ,3.479 ,8.615 ,821 ,-179 ,219 ,635 ,440 ,1.070 ,
2024-04-13 23:10 ,3.293 ,5.143 ,0 ,247 ,3.349 ,8.442 ,881 ,-179 ,196 ,635 ,440 ,1.036 ,
2024-04-13 23:15 ,3.299 ,5.149 ,0 ,247 ,3.299 ,8.301 ,798 ,-179 ,196 ,635 ,440 ,1.074 ,
2024-04-13 23:20 ,3.306 ,5.151 ,0 ,247 ,3.346 ,8.101 ,904 ,-179 ,196 ,636 ,440 ,1.072 ,
2024-04-13 23:25 ,3.307 ,5.153 ,0 ,247 ,3.363 ,7.855 ,1.049 ,-179 ,196 ,636 ,440 ,1.068 ,
2024-04-13 23:30 ,3.283 ,5.158 ,0 ,252 ,3.369 ,7.814 ,915 ,-179 ,196 ,636 ,440 ,1.068 ,
2024-04-13 23:35 ,3.272 ,5.159 ,0 ,249 ,3.435 ,7.879 ,660 ,-179 ,196 ,634 ,440 ,1.074 ,
2024-04-13 23:40 ,3.247 ,5.159 ,0 ,248 ,3.449 ,7.694 ,519 ,-179 ,196 ,631 ,440 ,1.069 ,
2024-04-13 23:45 ,3.242 ,5.164 ,0 ,248 ,3.400 ,7.455 ,883 ,-179 ,195 ,629 ,440 ,1.086 ,
2024-04-13 23:50 ,3.257 ,5.162 ,0 ,245 ,3.467 ,7.418 ,920 ,-179 ,195 ,624 ,440 ,1.084 ,
2024-04-13 23:55 ,3.276 ,5.166 ,0 ,248 ,3.548 ,7.316 ,677 ,-179 ,195 ,609 ,440 ,1.051 ,
2024-04-14 00:00 ,3.286 ,5.171 ,0 ,246 ,3.559 ,6.900 ,906 ,-155 ,195 ,596 ,440 ,1.038 ,
2024-04-14 00:05 ,3.227 ,5.175 ,0 ,249 ,3.202 ,6.810 ,1.508 ,-130 ,195 ,586 ,419 ,1.064 ,
2024-04-14 00:10 ,3.194 ,5.176 ,0 ,247 ,2.779 ,6.493 ,1.987 ,-104 ,192 ,580 ,419 ,1.065 ,
2024-04-14 00:15 ,3.185 ,5.180 ,0 ,247 ,2.520 ,6.651 ,2.107 ,-92 ,192 ,552 ,419 ,1.062 ,
2024-04-14 00:20 ,3.206 ,5.179 ,0 ,247 ,2.454 ,6.907 ,1.835 ,-92 ,192 ,537 ,419 ,1.059 ,
2024-04-14 00:25 ,3.198 ,5.182 ,0 ,247 ,2.489 ,7.052 ,1.592 ,-102 ,192 ,526 ,419 ,1.063 ,
2024-04-14 00:30 ,3.213 ,5.187 ,0 ,247 ,2.376 ,6.936 ,1.391 ,-102 ,192 ,518 ,419 ,1.062 ,
2024-04-14 00:35 ,3.250 ,5.188 ,0 ,247 ,2.268 ,6.878 ,1.610 ,-102 ,192 ,516 ,419 ,1.063 ,
2024-04-14 00:40 ,3.253 ,5.194 ,0 ,248 ,2.227 ,6.473 ,1.770 ,-102 ,192 ,513 ,419 ,1.031 ,
2024-04-14 00:45 ,3.260 ,5.191 ,0 ,248 ,2.238 ,6.565 ,1.738 ,-102 ,192 ,510 ,419 ,1.064 ,
2024-04-14 00:50 ,3.271 ,5.200 ,0 ,248 ,2.285 ,6.337 ,1.804 ,-102 ,192 ,510 ,419 ,1.064 ,
2024-04-14 00:55 ,3.293 ,5.199 ,0 ,248 ,2.313 ,6.367 ,1.499 ,-102 ,192 ,511 ,419 ,1.067 ,
2024-04-14 01:00 ,3.183 ,5.199 ,0 ,248 ,2.260 ,6.264 ,1.426 ,-102 ,192 ,510 ,419 ,1.031 ,
2024-04-14 01:05 ,3.158 ,5.204 ,0 ,248 ,2.289 ,6.332 ,1.300 ,-102 ,192 ,499 ,417 ,1.069 ,
2024-04-14 01:10 ,3.129 ,5.209 ,0 ,248 ,2.298 ,6.264 ,1.448 ,-102 ,192 ,509 ,417 ,1.063 ,
2024-04-14 01:15 ,3.120 ,5.213 ,0 ,248 ,2.271 ,6.218 ,1.365 ,-102 ,192 ,509 ,417 ,1.065 ,
2024-04-14 01:20 ,3.115 ,5.212 ,0 ,248 ,2.278 ,6.192 ,1.262 ,-102 ,192 ,508 ,417 ,1.064 ,
2024-04-14 01:25 ,3.097 ,5.213 ,0 ,248 ,2.283 ,6.110 ,1.262 ,-102 ,192 ,508 ,417 ,1.064 ,
2024-04-14 01:30 ,3.088 ,5.216 ,0 ,248 ,2.245 ,5.925 ,1.342 ,-102 ,192 ,510 ,417 ,1.061 ,
2024-04-14 01:35 ,3.084 ,5.220 ,0 ,247 ,2.251 ,5.889 ,1.446 ,-102 ,192 ,508 ,417 ,1.066 ,
2024-04-14 01:40 ,3.069 ,5.221 ,0 ,249 ,2.257 ,5.801 ,1.336 ,-102 ,192 ,508 ,417 ,1.065 ,
2024-04-14 01:45 ,3.037 ,5.224 ,0 ,249 ,2.208 ,5.658 ,1.329 ,-102 ,192 ,508 ,417 ,1.066 ,
2024-04-14 01:50 ,3.026 ,5.225 ,0 ,250 ,2.223 ,5.622 ,1.499 ,-102 ,192 ,508 ,417 ,1.060 ,
2024-04-14 01:55 ,3.014 ,5.226 ,0 ,247 ,2.219 ,5.618 ,1.284 ,-102 ,192 ,507 ,417 ,1.064 ,
2024-04-14 02:00 ,2.991 ,5.237 ,0 ,247 ,2.272 ,5.789 ,902 ,-102 ,192 ,508 ,417 ,1.065 ,
2024-04-14 02:05 ,3.047 ,5.236 ,0 ,248 ,2.355 ,6.068 ,594 ,-102 ,192 ,510 ,412 ,1.034 ,
2024-04-14 02:10 ,2.987 ,5.238 ,0 ,246 ,2.355 ,6.236 ,437 ,-102 ,192 ,511 ,412 ,1.066 ,
2024-04-14 02:15 ,2.935 ,5.240 ,0 ,247 ,2.327 ,6.245 ,535 ,-102 ,192 ,510 ,412 ,1.060 ,
2024-04-14 02:20 ,2.927 ,5.241 ,0 ,247 ,2.302 ,6.219 ,461 ,-102 ,192 ,511 ,412 ,1.061 ,
2024-04-14 02:25 ,2.845 ,5.247 ,0 ,247 ,2.271 ,6.089 ,491 ,-102 ,192 ,510 ,412 ,1.031 ,
2024-04-14 02:30 ,2.703 ,5.248 ,0 ,247 ,2.277 ,6.092 ,426 ,-102 ,192 ,510 ,412 ,1.063 ,
2024-04-14 02:35 ,2.527 ,5.252 ,0 ,249 ,2.298 ,6.150 ,679 ,-102 ,192 ,509 ,412 ,1.065 ,
2024-04-14 02:40 ,2.443 ,5.255 ,0 ,248 ,2.299 ,6.155 ,891 ,-102 ,192 ,509 ,412 ,1.063 ,
2024-04-14 02:45 ,2.423 ,5.252 ,0 ,248 ,2.289 ,6.183 ,617 ,-102 ,192 ,510 ,412 ,1.063 ,
2024-04-14 02:50 ,2.422 ,5.258 ,0 ,248 ,2.252 ,6.175 ,669 ,-102 ,192 ,510 ,412 ,1.067 ,
2024-04-14 02:55 ,2.412 ,5.263 ,0 ,248 ,2.238 ,5.926 ,792 ,-102 ,192 ,509 ,412 ,1.070 ,
2024-04-14 03:00 ,2.380 ,5.261 ,0 ,248 ,2.255 ,5.898 ,871 ,-102 ,192 ,510 ,412 ,1.068 ,
